keyword,202304,tot_cnt
disclosures,5,5
sectorspecific,2,2
standards,4,4
reuters,7,7
prioritise,1,1
commissioner,1,1
sustainable,15,15
european,1,1
benchmarking,3,3
investment,14,14
gas,2,2
postpone,1,1
continuity,3,3
month,4,4
disclosures eu,1,1
sustainability,31,31
stakeholder,1,1
csos,1,1
green,4,4
collaboration,1,1
esg,7,7
priority,3,3
planet,2,2
risks,9,9
department,1,1
cost,5,5
function,3,3
csos sustainability,1,1
electrification,2,2
vitesco,1,1
holstein,1,1
chro,1,1
tcfd,1,1
procurement,1,1
recommendations,1,1
carbonneutral,2,2
solutions,3,3
banks,6,6
emobility,1,1
welcome,3,3
extraction,2,2
percentage,2,2
integral,3,3
vitesco technologies,1,1
null,22,22
disclosure,1,1
shoppers,2,2
performance,2,2
entities,4,4
brandish,1,1
bioinsecticides,1,1
pipeline,4,4
thomson,1,1
flags,1,1
directive,3,3
fertiliser,1,1
vradi,1,1
average,16,16
coincidental,1,1
sustainability reporting,1,1
freshplaza,1,1
edition,1,1
america,1,1
location,1,1
regions,1,1
current,1,1
edition freshplaza,1,1
woolgrowers,1,1
ghg,2,2
fiber,1,1
onfarm,1,1
innovative,2,2
australias,1,1
lca,1,1
supplements,1,1
pace,3,3
tools,1,1
wool industry,1,1
samsung,2,2
yoon,1,1
investments,4,4
panel,1,1
announce,2,2
cuttingedge,1,1
upgrading,2,2
campus,3,3
yonhap,2,2
remarks,1,1
way,2,2
largescale,1,1
organic,1,1
leap,1,1
tuesdays,3,3
oled sector,1,1
seed,1,1
herbicides,1,1
postemployment,1,1
quarterly,1,1
pandemics,1,1
dowdupont,1,1
eidp,1,1
crosslicense,1,1
requirements,4,4
counterfeit,1,1
cautionary,1,1
xxiii,1,1
basis,13,13
cortevas sustainability,1,1
banking,8,8
liquidity,3,3
eba,1,1
framework,6,6
ensures,1,1
conservative,1,1
rethink,2,2
spains,1,1
bmesan,1,1
volatility,3,3
sure,13,13
cds,1,1
renewable,3,3
fargos,1,1
affordability,2,2
appliance,1,1
shuttle,1,1
lowcarbon,1,1
homeownership,1,1
rebates,1,1
initiative,3,3
federal,4,4
barriers,2,2
oneonone,1,1
wells fargo,1,1
premium,2,2
subscription,1,1
trial,1,1
digital,5,5
savings,2,2
downgrade,1,1
settings,1,1
cancel,1,1
lex,1,1
autoenrolled,1,1
column,1,1
youd,2,2
digital premium,1,1
benefits,10,10
security,2,2
employee,1,1
thrive,2,2
teramind,1,1
customizable,1,1
elis,1,1
sutton,1,1
hindering,1,1
years,2,2
execute,2,2
meet,2,2
operational sustainability,1,1
agriculture,1,1
porcine,1,1
genetic,1,1
definitions,1,1
phytase,1,1
prevent,1,1
excretion,1,1
longterm,7,7
immunosuppression,1,1
precision,2,2
nonrenewable,1,1
buildingmechanical,1,1
needs,2,2
diagnostic,1,1
functionthrive,1,1
negative,2,2
integrate,4,4
sustainability agriculture,1,1
beijer,1,1
refrigeration,1,1
combeijerrefabrannualreportandsustainabilityreport2022c3746822,1,1
ref,1,1
wholesalers,1,1
report,3,3
agency,1,1
cision,2,2
willstrand,1,1
kan,1,1
competitive,1,1
norbye,1,1
download,2,2
europe,2,2
httpsmb,2,2
beijer ref,1,1
indonesian,1,1
assess,1,1
jurisdictions,1,1
standardised,1,1
gri,1,1
sasb,2,2
multistakeholder,1,1
decarbonisation,3,3
fulfil,1,1
highintegrity,2,2
phases,2,2
prerequisite,1,1
sustainability disclosure,1,1
aldi,1,1
certification,3,3
crops,1,1
naturebased,1,1
commitments,2,2
climatepositive,1,1
regenerative,1,1
marques,1,1
uk,3,3
significant,3,3
clare,1,1
unbeatable,1,1
produce growers,1,1
launchgood,1,1
impact,3,3
earthquakes,1,1
platforms,3,3
cataclysmic,1,1
americans,1,1
treatment,2,2
likely,6,6
redundancy,1,1
largest,4,4
compliance,1,1
warn,1,1
summer,1,1
launchgood crowdfunding,1,1
exposure,2,2
co2,1,1
durability,1,1
billiondollar,1,1
toxins,1,1
norms,1,1
train,1,1
undergraduate,2,2
documentation,2,2
restore,1,1
formula,1,1
sustainability technical,1,1
berry,1,1
watsonville,1,1
san,4,4
farms,1,1
foodservice,2,2
corporate,1,1
leader,3,3
justin,1,1
appointment,3,3
degree,1,1
smiles,1,1
consistency,1,1
values,2,2
expansion,4,4
today,2,2
francisco sustainability,1,1
senegal,1,1
diamniadio,1,1
ahmeyim,1,1
frameworks,2,2
lenders,2,2
important,1,1
thales,1,1
dossier,1,1
decades,1,1
contrasts,1,1
nutrition,1,1
operator,2,2
companies senegal,1,1
cop28,1,1
dubai,1,1
aemainengsd_graduatedegreeprogramscnhsmsess,1,1
gis,1,1
bin,1,1
professors,2,2
relevance,1,1
httpswww,4,4
bearing,1,1
excellency,1,1
stateoftheart,1,1
sustainability cop28,1,1
kettles,1,1
exhibitions,1,1
restrictions,1,1
cambridge,1,1
charges,1,1
portfolio,5,5
covid19,2,2
income,3,3
conserve,1,1
inflationary,2,2
bid,1,1
under25s,1,1
available,5,5
introduce,1,1
uniqueness,1,1
april,4,4
standstill,1,1
visits kettles,1,1
enterprise,2,2
powers,2,2
inefficient,1,1
validate,1,1
onpremises,1,1
stewards,1,1
traditional,1,1
bust,1,1
gains,1,1
surprised,1,1
cloud sustainability,1,1
bahrain,1,1
licence,1,1
visas,1,1
exemptions,1,1
golden,1,1
accommodation,1,1
cooperation,2,2
seeks,1,1
advice,3,3
assanimog,1,1
attractiveness,1,1
departments,1,1
recovery,3,3
licence bahrains,1,1
korea,1,1
exports,2,2
trade,1,1
speaks,2,2
russoukrainian,1,1
policy,10,10
gcc,2,2
cbam,1,1
jitters,4,4
semiconductors,2,2
months,5,5
carbonreduction,1,1
koreas exports,1,1
wnba,1,1
berman,1,1
nwsl,1,1
professional,1,1
danielle,1,1
single,2,2
landscape,1,1
theyre,5,5
slaton,1,1
osborne,1,1
bandwidth,1,1
wnba executive,1,1
emissions,6,6
congestion,1,1
cleantech,1,1
streets,1,1
governance,1,1
stopidleaccelerate,1,1
miovision,1,1
nuisance,1,1
contributors,1,1
intelligent,1,1
rushhour,1,1
imperatives,1,1
concerningdimension,1,1
emissions reduction,1,1
rwanda,1,1
imf,2,2
stability,5,5
stakeholders,8,8
climatespecific,1,1
reaffirms,1,1
loan,2,2
stafflevel,1,1
dc,1,1
import,1,1
instrument,2,2
fertilizer,3,3
integration,4,4
rwanda imf,1,1
gdp,4,4
delhi,1,1
forecast,3,3
fy,1,1
borrowing,1,1
developments,4,4
moderation,1,1
weigh,1,1
privatesector,3,3
currentaccount,1,1
ratio,2,2
pressures,6,6
biannual,1,1
hiking,1,1
fy2324 gdp,1,1
hopeful,1,1
recession,10,10
bank,3,3
economy,5,5
analysts,1,1
head,1,1
england,3,3
immediate,1,1
said hopeful,1,1
agility,2,2
dsvs,1,1
stock,1,1
collar,1,1
agreements,2,2
citibank,1,1
protect,2,2
kuwaits,1,1
transport,3,3
prudence,1,1
secondlargest,2,2
uncertainty,4,4
sayegh,1,1
derivative,1,1
story,3,3
tuesday,5,5
doyle,1,1
dsv agility,1,1
oecds,1,1
negotiations,2,2
hydrogen,3,3
campaigners,1,1
incorporate,2,2
matteo,1,1
g20,2,2
cormann,1,1
flexibilities,1,1
definition,1,1
enable,7,7
oecd countries,1,1
wristwatch,1,1
lindners,1,1
maybrit,1,1
gross,1,1
olaf,1,1
klingbeil,1,1
illner,1,1
secretarygeneral,2,2
datejust,1,1
credits,1,1
salary,2,2
table,1,1
wore watches,1,1
investmentsmoney,1,1
multinational,1,1
citigroup,1,1
comciti,1,1
globe,1,1
editorial,1,1
argentina,1,1
linkedin,5,5
shortterm,1,1
joseph,1,1
khaliq,1,1
collections,1,1
validation,1,1
global bank,1,1
carlsquare,1,1
valleybased,1,1
founders,1,1
tech,1,1
claritys,1,1
clients,3,3
silicon,6,6
bridge,1,1
news,2,2
global,5,5
strategy,1,1
access,1,1
north,1,1
direct,2,2
step,1,1
dive,1,1
powell,1,1
rates,6,6
indicators,2,2
repercussions,2,2
lifeblood,1,1
vacancies,2,2
conservation,2,2
climaterelated,1,1
gfi,1,1
defra,1,1
changemakers,1,1
assessments,3,3
marithomas,1,1
nature investment,1,1
china,2,2
boao,1,1
multilateralism,1,1
reiterated,1,1
innovationdriven,1,1
forum,1,1
scale,1,1
statesmans,1,1
highquality,4,4
materials,1,1
ready,5,5
chinas development,1,1
buffet,1,1
prioritize,2,2
crashes,1,1
weather,2,2
moore,1,1
manoj,1,1
stay,1,1
rallies,1,1
humble,1,1
accelerators,1,1
rare,3,3
managing investments,1,1
finance,3,3
dufcs,1,1
dundee,1,1
united,3,3
director,3,3
club,1,1
leadership,1,1
strategic,3,3
football,1,1
play,1,1
key,1,1
vision,1,1
aspects,2,2
finance director,1,1
neutralise,1,1
inflation,8,8
equities,2,2
bond,1,1
reliable,1,1
wait,1,1
cnh,1,1
exjapan,1,1
strains,1,1
schroder,1,1
neutral emerging,1,1
serneke,1,1
gothenburg,1,1
comsernekegroupabibildsernekearsochhallbarhetsredovisning2022c3164506,1,1
anders,1,1
shares,2,2
cfo,2,2
public,5,5
tel,1,1
comsernekegroupabrsernekegroupabpublishesitsannualandsustainabilityreportforthe2022financialyearc3747288,1,1
xhtml,1,1
serneke invest,1,1
sanabils,1,1
ceos,2,2
sectors,6,6
snapshot,1,1
softbanks,1,1
sixthlargest,1,1
earliest,2,2
immunity,1,1
sanabil investments,1,1
bitget,1,1
exchanges,1,1
cryptofocused,1,1
venture,4,4
launchpad,1,1
inflow,1,1
xyz,1,1
httpsmma,1,1
adoption,3,3
investment bitget,1,1
davey,1,1
watchdog,1,1
regulator,2,2
water,1,1
ofwat,1,1
tougher,1,1
ed,1,1
asleep,1,1
lib,1,1
companies,1,1
new,3,3
prepared,1,1
irs,1,1
washington,2,2
unemployment,2,2
bonus,1,1
community,1,1
electric,1,1
builds,1,1
reduction,1,1
applications,1,1
pollutants,1,1
interagency,1,1
nonmetropolitan,1,1
searchable,1,1
energy community,1,1
layoffs,2,2
accountants,1,1
cfos,1,1
multimillion,1,1
motivator,1,1
automation,3,3
emburse,1,1
headwinds,2,2
fields,3,3
transformation,2,2
catchphrase,1,1
adriana,1,1
performers,1,1
finance employees,1,1
lpla,1,1
newsweek,1,1
smallbusiness,1,1
equity,2,2
capabilities,2,2
brokerdealer,1,1
custodian,1,1
honored,1,1
run,1,1
relationslplfinancial,1,1
subset,1,1
diversity financial,1,1
pork,1,1
producers,1,1
agronomic,1,1
manure,1,1
reports,1,1
value,2,2
infarm,1,1
continuous,1,1
apply,1,1
promotoers,1,1
couple,4,4
base,1,1
little,1,1
sustainability pork,1,1
policyclimatebonds,1,1
investors,3,3
ipccs,1,1
international,2,2
hold,1,1
ambitious,1,1
redirection,1,1
sustainable investments,1,1
uveb,1,1
radtech,1,1
httpsradtech,1,1
website,4,4
organizations,1,1
commitment,2,2
includingvisit,1,1
information,12,12
steps,1,1
bommarito,1,1
variety,2,2
cara,1,1
radtech sustainability,1,1
browser,8,8
javascript,8,8
cookies,11,11
service,9,9
supports,8,8
review,10,10
terms,8,8
happen,8,8
prices,2,2
barrels,1,1
russian,1,1
opec,1,1
urals,1,1
february,2,2
energy,2,2
g7,1,1
source,2,2
end,1,1
unwise,1,1
curb,2,2
ministry,3,3
marrow,1,1
liffey,1,1
russian oil,1,1
netanyahus,1,1
yarons,1,1
diaspora,1,1
governor,2,2
prophecies,1,1
expectations,2,2
divisive,1,1
monday,4,4
process,1,1
agree,4,4
opaqueness,1,1
benchmark,2,2
bank israel,1,1
plastics,1,1
feedstocks,1,1
nuremberg,1,1
policymakers,2,2
traceability,1,1
costs,1,1
presentation,1,1
geomag,1,1
sustoynability,1,1
id49321054,1,1
fact,4,4
sustainability plastics,1,1
olive,1,1
soil,1,1
evapotranspiration,1,1
reservoirs,1,1
onfield,1,1
meter,1,1
march,7,7
dag,1,1
hypothesis,1,1
lowquality,1,1
protocols,1,1
sustainability olive,1,1
polestar,1,1
circular,2,2
pcdf,1,1
netherlands,1,1
groot,1,1
janwillem,1,1
gaansgijbels,1,1
ingredients,1,1
campuses,2,2
investnl circular,1,1
future,1,1
mobility,1,1
trust,1,1
equitable,1,1
integrated,2,2
reimagine,1,1
build,1,1
pursue,1,1
anniversary,1,1
treatys,1,1
packaging,1,1
metals,1,1
necessity,1,1
precious,1,1
article,5,5
natural,1,1
firstever,1,1
idea,1,1
gavilan,1,1
visit,3,3
zero,1,1
edie,1,1
plastics treaty,1,1
wilks,1,1
aizen,1,1
ventures,3,3
nutritional,1,1
newsletter,2,2
isolates,1,1
infants,1,1
animalfree,1,1
jerusalem,1,1
transfers,1,1
surgeries,1,1
wilk biomilk,1,1
traders,3,3
gold,1,1
newmont,1,1
bullion,1,1
earthquake,1,1
fundamentals,1,1
hightowers,1,1
brown,1,1
ytd,1,1
cyclicals,1,1
vaneck,1,1
regardless,2,2
prudent,2,2
ritholtz,1,1
macro,2,2
gold stocks,1,1
morrison,1,1
partnerships,2,2
refinance,2,2
regulatory,5,5
nz,1,1
ppp,2,2
cba,1,1
capacity,1,1
students,4,4
effective,1,1
colender,1,1
amber,1,1
welcomes,1,1
herche,1,1
athletics,1,1
cincinnati,2,2
zach,1,1
jucker,1,1
gobearcats,1,1
practice,1,1
rooms,1,1
com,1,1
mens,1,1
initiatives,1,1
reinsurance,1,1
lancashires,1,1
alison,1,1
holdings,1,1
gwp,1,1
issues,1,1
joins,1,1
focus,3,3
lancashire insurance,1,1
jaeyong,1,1
production,2,2
chairman,2,2
diode,1,1
pool,1,1
panels,1,1
kilometers,1,1
ceremony,1,1
samsung electronics,1,1
massmart,1,1
plan,1,1
incremental,1,1
bps,1,1
earnings,1,1
enjoy,1,1
react,1,1
unparalleled,1,1
rainey,1,1
geopolitical,4,4
fluctuations,1,1
categories,1,1
stress,1,1
nearzero,1,1
embedded,1,1
pandemicera,1,1
quarterofapercentagepoint,1,1
outlook,13,13
statistics,1,1
monetary policy,2,2
bangkok,1,1
eec,1,1
shinawatra,1,1
provinces,1,1
gateway,1,1
vehicles,1,1
expremiers,1,1
relocate,1,1
niece,1,1
added,3,3
principles,2,2
thailands fiveyear,1,1
eulers,1,1
stablecoin,1,1
lending,3,3
worth,4,4
restoration,1,1
powering,1,1
weeks,4,4
dai,1,1
delay,1,1
tornado,1,1
labs,1,1
euler finance,1,1
properties,1,1
lung,1,1
group,1,1
availability,1,1
hang,1,1
factors,2,2
subsidiaries,1,1
sustainability report,1,1
suisse,2,2
msci,1,1
inherent,1,1
etfs,1,1
auspicious,1,1
index,2,2
smallcap,1,1
maximization,1,1
mark,1,1
newcar,1,1
aprs,1,1
payments,1,1
pricey,1,1
southern,1,1
fourfigure,1,1
average newcar,1,1
postsecondary,1,1
roadmap,2,2
mcmaster,1,1
nanotechnologys,1,1
interconnected,1,1
vast,2,2
pancanadian,1,1
remit,1,1
vulnerable,1,1
purification,1,1
astrophysics,1,1
paint,1,1
contractors,1,1
americas,1,1
pros,1,1
commercial,1,1
respondents,2,2
resiliency,1,1
byrne,2,2
stocks,2,2
sozzi,1,1
axta,1,1
paint demand,1,1
biocon,1,1
medal,1,1
kiran,1,1
promising,1,1
bse,1,1
diabetes,1,1
inequitable,1,1
formulations,1,1
immunotherapy,1,1
apis,1,1
india biocon,1,1
indigenous,1,1
scholarships,1,1
bull,1,1
dhorwedelcollegefund,1,1
ceo,1,1
bureaus,1,1
cheryl,1,1
ohio,1,1
crazy,1,1
retention,1,1
newswire,1,1
findlay,1,1
energy education,1,1
hsbc,2,2
london,1,1
employers,1,1
disparities,1,1
gender,1,1
widening,1,1
ms,1,1
rush,1,1
differentials,1,1
gnodde,1,1
capture,1,1
blunt,1,1
schroders,2,2
brands,3,3
pandemic,5,5
startups,5,5
advises,2,2
kidfresh,1,1
nuanced,1,1
recalibration,1,1
hinges,1,1
calories,1,1
thaicoms,1,1
innovations,1,1
geoinformatics,1,1
guidelines,1,1
draft,1,1
baht,1,1
stage,1,1
master,1,1
space economy,1,1
innergexs,1,1
longueuil,1,1
executive,3,3
riskadjusted,1,1
cnw,1,1
creates,2,2
flows,1,1
aggregate,1,1
return,1,1
innergexs sustainability,1,1
cubas,1,1
agrobusinesses,1,1
invest,2,2
remittances,1,1
paul,1,1
revolution,1,1
joe,1,1
administration,1,1
sidelines,2,2
wouldbe,1,1
acosta,1,1
boost,1,1
thats,3,3
cuba invest,1,1
nestlé,1,1
bidfood,1,1
retail,1,1
simmons,1,1
katya,1,1
podcast,1,1
freathy,1,1
space,1,1
attfield,1,1
foodservice hospitality,1,1
nhtsas,1,1
pollution,1,1
nrdc,1,1
senator,1,1
delaware,1,1
greenhouse,1,1
appeals,1,1
clearthe,1,1
ddel,1,1
standard,1,1
limit,5,5
emissions standards,1,1
fastcase,1,1
vlex,1,1
statutes,1,1
llms,2,2
chatbots,2,2
impactful,1,1
intelligence,1,1
casey,1,1
legal ai,1,1
tax,3,3
irelands,1,1
consumption,1,1
burden,1,1
sector,4,4
yoy,1,1
mcgrath,1,1
surprising,2,2
modest,1,1
underscores,1,1
agreement,1,1
tax yield,1,1
cadets,1,1
jdf,1,1
rmas,1,1
ocdt,1,1
iotp,1,1
doctrine,1,1
standardization,1,1
educate,1,1
methodology,1,1
hostilities,1,1
caribbean,1,1
focusses,1,1
gomm,1,1
officer training,1,1
fintech,2,2
buildings,1,1
artificial,3,3
insights,1,1
iot,1,1
inefficiencies,1,1
syte,1,1
gain,2,2
oculai,1,1
twin,2,2
remained,1,1
ai venture,1,1
use,4,4
privacy,3,3
site,1,1
click,3,3
experience,1,1
ok,3,3
read,2,2
continue,1,1
use cookies,3,3
egypts,2,2
sufferings,1,1
mobilization,1,1
era,1,1
seder,1,1
megaprojects,1,1
passover,1,1
monitor,1,1
pittance,1,1
knickknacks,1,1
redistributive,1,1
add,1,1
admission,1,1
egypts economic,1,1
bonds,5,5
median,3,3
weaker,1,1
oilproduction,1,1
redhot,1,1
treasurys 6month,1,1
lcxt7,1,1
jupiter,1,1
cryptocurrency,1,1
euro,1,1
platform,1,1
ecosystem,7,7
enigmatic,1,1
reliability,2,2
httpsaccounts,1,1
lcxt7 bonds,1,1
valley,2,2
bensoussan,1,1
svb,2,2
biggest,1,1
cofounder,3,3
fail,1,1
reevaluate,1,1
daytoday,2,2
directions,1,1
valley bank,1,1
trends,1,1
milestones,2,2
pipelines,1,1
viability,2,2
death,1,1
capgeminis,1,1
handover,1,1
banking transformation,1,1
markets,2,2
singaporetraded,1,1
gauge,1,1
indicessensex,1,1
indian,1,1
turnover,1,1
benchmarks,1,1
warned,1,1
surge,1,1
streak,1,1
wednesday,3,3
real,2,2
sent,2,2
markets asia,1,1
coastal,1,1
embankment,1,1
deme,1,1
nourishment,1,1
alternatives,1,1
measures,2,2
detoxify,1,1
romagna,1,1
wellknown,1,1
eldin,1,1
frequent,1,1
sustainable coastal,1,1
chancellor,1,1
uwparkside,1,1
menke,1,1
interim,1,1
indiana,1,1
rothman,1,1
accounting,1,1
vice,2,2
serve,2,2
patents,1,1
macroprudential,2,2
oef,1,1
vulnerabilities,1,1
lmts,2,2
iosco,1,1
verena,1,1
crucial,1,1
amlcftsanctions,1,1
resort,1,1
corrigendum,1,1
passportable,1,1
casebycase,2,2
liquidity esma,1,1
telecom,1,1
towerco,1,1
sbas,1,1
macroeconomic,2,2
bnamericas,1,1
cagr,2,2
reais,1,1
end2022,1,1
december,3,3
initial,1,1
longerterm,1,1
energyasaservice,1,1
carryover,1,1
cells,2,2
telecom towers,1,1
visits,1,1
expenditure,1,1
australian,1,1
act,1,1
increase,3,3
precovid,1,1
aviation,1,1
wildlife,1,1
quarters,1,1
east,1,1
highlights,2,2
twothirds,1,1
testament,2,2
jamala,1,1
visitor growth,1,1
fmcg,1,1
taxes,2,2
transactions,2,2
fy23,1,1
electronics,1,1
notices,1,1
foreign,1,1
avoidance,1,1
groceries,1,1
evasion,1,1
growth,3,3
apex,1,1
essentials,1,1
sales fmcg,1,1
renovations,1,1
schools,2,2
penn,1,1
futures,1,1
leed,1,1
permeable,1,1
turbines,2,2
early,1,1
havent,2,2
presentations,1,1
columns,1,1
gwynedd,1,1
sustainability school,1,1
notifications,2,2
post,3,3
allow,3,3
notifications article,2,2
laser,1,1
shenzhen,1,1
tariffs,1,1
hans,1,1
manufacturer,3,3
machining,1,1
concerns,2,2
philippines,1,1
turkey,1,1
dim,1,1
inflammatory,1,1
industrial laser,1,1
mortgage,1,1
digitization,1,1
techsprint,1,1
fhfas,1,1
research,1,1
submit,1,1
velocity,1,1
mitigate,1,1
simplification,1,1
organizers,1,1
fair,1,1
endmortgage,1,1
technology mortgage,1,1
zealanders,1,1
westpac,1,1
inability,1,1
insolvency,1,1
literacy,1,1
impacts,1,1
antimoney,1,1
modern,2,2
provide,1,1
margins,1,1
processes,1,1
risk,1,1
systemic,2,2
collapse,1,1
shortcomings,1,1
defaults,1,1
wrought,1,1
likelihood,2,2
banking crisis,1,1
lakes,2,2
bidens,1,1
manages,1,1
liberals,1,1
clair,1,1
lagging,1,1
canadas freshwater,1,1
uaes,1,1
forefront,1,1
comarticleinvestmentmigrationapathwaytothebesteducationoptionsforyourchildren,1,1
safeguard,1,1
hnw,1,1
clientele,1,1
citizenships,1,1
referrals,1,1
differentiate,2,2
recalibrate,1,1
investment migration,1,1
debt,1,1
stiglitz,1,1
argentinas,1,1
postpandemic,2,2
ratescountries,1,1
overborrow,1,1
guzmán,1,1
dynamics,1,1
deficiencies,1,1
safeguards,1,1
resolution,1,1
global debt,1,1
peru,1,1
amsac,1,1
granja,1,1
tinto,1,1
minerals,1,1
addendum,1,1
guarantee,1,1
proinversión,1,1
feasibility,1,1
transfer,2,2
activos,1,1
maría,1,1
quantum,1,1
granja mining,1,1
daybreak,1,1
retailer,1,1
meals,1,1
openings,2,2
times,1,1
normality,1,1
pretax,1,1
cognisant,1,1
supervalu,1,1
daybreak retailer,1,1
tequila,1,1
jenners,1,1
entrepreneurial,1,1
modelmega,1,1
reliance,1,1
judgment,1,1
chain,1,1
postproduction,1,1
happy,2,2
jenner tequila,1,1
multiomics,1,1
cell,1,1
cohorts,1,1
monitoring,1,1
lifespan,1,1
simpletouse,1,1
classifications,1,1
andor,2,2
recent,1,1
accelerate,1,1
multiomic medicine,1,1
grants,1,1
columbia,1,1
cagovcontenteducationtrainingk12administrationresourcemanagementk12fundingandallocationoperatinggrantsk12funding2324,1,1
singh,1,1
debbie,1,1
lowincome,1,1
food programs,1,1
fdic,1,1
fintechs,1,1
reinsurer,1,1
precautions,2,2
pointofsale,1,1
capitalized,1,1
navigate,1,1
security fdic,1,1
textile,1,1
consumer,1,1
proportions,1,1
tons,1,1
hong,1,1
lenia,1,1
allfemale,1,1
preferences,1,1
online,2,2
isnt,2,2
fashion environmental,1,1
taipei,1,1
texttospeech,1,1
accumulation,1,1
machinery,1,1
cna,1,1
semiconductor,1,1
nt2,1,1
installations,1,1
investment taiwan,1,1
mitsubishi,2,2
fuel,2,2
electricity,3,3
industries,1,1
vehicle,1,1
heavy,1,1
generation,1,1
power,1,1
stations,1,1
development,3,3
world,1,1
hydrogen electricity,1,1
workers,1,1
optimistic,1,1
inflationfueled,1,1
feds,2,2
balance,1,1
indication,1,1
numbers,2,2
path,1,1
recession labor,1,1
mortgages,2,2
office,1,1
megacap,1,1
decline,2,2
stresses,1,1
originations,1,1
commercial mortgages,1,1
documents,2,2
digitalisation,1,1
partnership,2,2
traceoriginal,1,1
paperless,1,1
enigio,1,1
mercore,1,1
transactions lloyds,1,1
citadels,1,1
selloff,1,1
ctas,1,1
mackenzie,1,1
simao,1,1
compiling,1,1
signature,2,2
fund citadel,1,1
goldman,1,1
entrepreneur,1,1
capital,4,4
mentors,1,1
black,1,1
condoleezza,1,1
boosting,1,1
shes,1,1
asahi,1,1
pompey,1,1
connectivity,1,1
health,1,1
misalignment,1,1
deployment,1,1
northbridge,1,1
mall,1,1
carrington,1,1
lea,1,1
shopko,1,1
mercyone,1,1
herbergers,1,1
pads,1,1
coalition,1,1
hyvee,1,1
northbridge mall,1,1
doddfrank,1,1
newcomers,2,2
superlow,1,1
wildfires,1,1
knew,1,1
imaga,1,1
deepest,1,1
banks weak,1,1
dow,1,1
advisors,1,1
critics,1,1
thursday,1,1
spdr,1,1
hikes,2,2
market fall,1,1
inwidos,1,1
demand,2,2
httpsnews,1,1
acquisitions,1,1
percent,3,3
pdf,1,1
henrik,1,1
late,1,1
recordbreaking,2,2
report sustainability,1,1
financial,1,1
dmi,1,1
ufj,1,1
chatterjee,1,1
sumitomo,1,1
potential,2,2
pioneering,1,1
ecosystems,1,1
closure,1,1
alignment,1,1
population,1,1
display,1,1
indian financial,1,1
zerowaste,1,1
californiaberkeleys,1,1
chou,1,1
haas,1,1
planners,1,1
caterers,1,1
reusable,1,1
cups,1,1
neutral,1,1
tentpole,1,1
generate,2,2
zerowaste building,1,1
sustainabilityfocused,1,1
humanities,1,1
advocacy,1,1
transparency,2,2
factor,1,1
sydney,1,1
snowball,1,1
fashion,1,1
saturday,1,1
thayer,1,1
try,2,2
students sustainability,1,1
etmarkets,1,1
healthvista,1,1
vedantas,1,1
zinc,1,1
sebi,1,1
meena,1,1
portea,1,1
hzl,1,1
feeds,1,1
unlikely,1,1
tips,2,2
latest market,1,1
ebds,1,1
bills,1,1
relief,1,1
repayment,1,1
ministers,1,1
welsh,1,1
longstanding,1,1
schemes,2,2
mwh,1,1
energy bills,1,1
pomis,1,1
pti,1,1
deposits,1,1
offices,1,1
deduction,1,1
apriljune,1,1
expiration,1,1
limits,1,1
safer,1,1
instruments,1,1
hiked,1,1
premature,1,1
nominee,1,1
pomis investment,1,1
firm,1,1
clos,1,1
dechert,1,1
scott,1,1
securitization,1,1
bloomberg,3,3
aaron,1,1
llp partner,1,1
cap,1,1
leverage,1,1
evolutions,1,1
presenters,1,1
integrators,1,1
siawasamoah,1,1
sit,2,2
ub sustainability,1,1
climate,1,1
rmi,1,1
multilateral,1,1
indopacific,1,1
convergence,1,1
unsplash,1,1
postproject,1,1
complayersgdkaldltncre1zo6,1,1
blended finance,1,1
turbine,1,1
geas,1,1
innovativeness,1,1
summit,1,1
africas,1,1
email,2,2
fnb,1,1
belinda,1,1
stages,1,1
adjudicate,1,1
energy africa,1,1
fibi,1,1
exporter,1,1
latest,1,1
brian,1,1
cornerstone,1,1
notable,2,2
proposition,1,1
ireland fibi,1,1
riyadh,2,2
grif,1,1
fhs,1,1
conferences,1,1
upscale,1,1
hub,1,1
al,1,1
bench,1,1
menus,1,1
pettinger,1,1
grif saudi,1,1
glp,1,1
assessed,1,1
sectorstechnologies,1,1
pacific,1,1
methodologyspts,1,1
parameterskpi,1,1
jsm,1,1
exclusions,1,1
sustainabilitylinked loan,1,1
pensions,2,2
bonuses,1,1
fiscal,3,3
minimum,3,3
grades,1,1
official,1,1
protection,1,1
takaful,1,1
syndigate,1,1
increase egp,1,1
sukuk,1,1
tranches,1,1
creditworthiness,1,1
prospective,1,1
moodys,1,1
parameters,1,1
aspiration,3,3
issuance sukuk,1,1
bloomberggpt,1,1
datasets,1,1
daily,2,2
nlp,1,1
releases,1,1
concepts,1,1
toxicity,1,1
rightful,1,1
terminal,1,1
hallucinations,1,1
opecs,1,1
trim,1,1
bullish,1,1
targets,1,1
realistic,1,1
views,2,2
condemnation,1,1
spring,1,1
chinese,1,1
opec cuts,1,1
creightons,1,1
reserves,1,1
midamerica,1,1
ernie,1,1
goss,1,1
institute,1,1
export,1,1
flashing,1,1
foods,1,1
creighton economic,1,1
apotex,1,1
saleleasebacks,1,1
nyse,1,1
triplenet,1,1
wpc,1,1
total,1,1
structured,1,1
cause,1,1
careys,1,1
consultation,1,1
nature,1,1
uks,1,1
offers,2,2
temperature,2,2
perimeter,1,1
likewise,1,1
regulation esg,1,1
austeritys,1,1
reform,1,1
eus,1,1
treaties,1,1
debtgdp,1,1
assumptions,1,1
propose,1,1
triangle,1,1
transitions,1,1
secretary,2,2
onesizefits,1,1
harsh,1,1
eus fiscal,1,1
renewables,1,1
coalfired,1,1
regulation,1,1
canadians,1,1
germanybased,1,1
investigative,1,1
giant,1,1
talk,1,1
disagree,1,1
climate finance,1,1
shelters,1,1
agencies,1,1
yorkers,1,1
transition,1,1
requests,1,1
impediment,1,1
alleviate,1,1
paralyze,1,1
memorandum,1,1
adams,2,2
brannan,1,1
budget asylum,1,1
cramer,1,1
rationale,1,1
defensive,2,2
split,1,1
largecap,1,1
barry,1,1
rate,3,3
staplers,1,1
camps,1,1
cramer traders,1,1
treasury,1,1
increases,1,1
detrimental,1,1
hopes,1,1
bullard,1,1
strategist,1,1
reflection,1,1
oil prices,1,1
operation,2,2
financing,1,1
stellantis,1,1
multibrand,1,1
automaker,1,1
threeyear,2,2
euros,2,2
banque,1,1
stabilisation,1,1
dont,1,1
decreases,1,1
stellantis financial,1,1
opecplus,1,1
cut,1,1
surprise,1,1
warning,1,1
deep,1,1
contribute,1,1
backdrop,1,1
surprise opecplus,1,1
bnps,1,1
barclays,1,1
deutsche,1,1
loans,1,1
toulonefinancialcareers,1,1
rival,1,1
blame,1,1
western,2,2
q1,1,1
confidential,2,2
zeno,1,1
bnps success,1,1
committees,1,1
securities,1,1
regulations,2,2
relations,1,1
guarantees,1,1
spanish,1,1
strengthen,2,2
discrepancy,1,1
external,1,1
sustainability committee,1,1
bankruptcy,1,1
lehmann,1,1
ubss,1,1
swindle,1,1
bitterness,1,1
wasnt,2,2
jittery,1,1
protesters,1,1
interview,1,1
severity,1,1
interventions,1,1
losing,1,1
longrun,1,1
newsletters,1,1
hulbert,1,1
csgn,1,1
pattern,1,1
banking crises,1,1
indices,1,1
divergence,1,1
banksnbfcs,1,1
rampup,1,1
downside,1,1
maintain,1,1
recoveries,1,1
axis,1,1
albeit,1,1
postlockdown,1,1
markets said,1,1
softball,1,1
portage,1,1
station,1,1
westville,1,1
bowman,1,1
hobart,1,1
twp,1,1
illiana,1,1
ppd,1,1
argos,1,1
kouts,1,1
crown,1,1
softball andrean,1,1
mpc,1,1
reserve,1,1
plenty,1,1
msmes,1,1
rural,1,1
caution,1,1
india rbi,1,1
campaigns,1,1
storefront,1,1
fossano,1,1
brand,1,1
loyalty,1,1
insurance,1,1
credit,1,1
responsive,1,1
asi298496,1,1
customers finance,1,1
ammonia,1,1
manchin,1,1
cnxs,1,1
charleston,1,1
pipefitters,1,1
llc,1,1
bipartisan,1,1
sequestration,1,1
similar,1,1
accelerating,1,1
ammonia facility,1,1
portfolios,1,1
setbacks,1,1
staples,1,1
tina,1,1
necessitates,1,1
procyclical,1,1
half,1,1
rotate,1,1
recessions financial,1,1
creditors,1,1
damage,1,1
contracting,1,1
outfall,1,1
islands,1,1
subcontractors,1,1
brexit,1,1
anxieties,1,1
warr,1,1
david,1,1
creditors subcontractors,1,1
pension,1,1
deductions,1,1
regime,1,1
nps,1,1
indexation,1,1
mrin,1,1
lack,2,2
relook,1,1
worrisome,1,1
tax regime,1,1
ono,1,1
ubc,1,1
immune,1,1
kasich,1,1
mcgruder,1,1
telva,1,1
fulbright,1,1
detroit,1,1
ophthalmology,1,1
mitacs,1,1
fiveyear,1,1
coaltion,1,1
possible,1,1
ono sustainability,1,1
invoice,1,1
baird,1,1
neils,1,1
client,1,1
lincolnshire,1,1
appoints,1,1
introducers,1,1
staple,1,1
amro,1,1
launch,2,2
buynowpaylater,1,1
crowdproperty,1,1
invoice finance,1,1
cents,1,1
pillens,1,1
amendment,1,1
property,1,1
plymouth,1,1
debate,1,1
deboer,1,1
treat,1,1
agrees,1,1
hardin,1,1
taxes increase,1,1
gurus,1,1
hotels,1,1
ondahub,1,1
gds,1,1
thai,1,1
engine,1,1
offer,1,1
parkphoom,1,1
reopens,1,1
seaside,1,1
margate,1,1
scotland,1,1
greenock,1,1
newbigginbythe,1,1
decade,1,1
need,2,2
spectrum,1,1
seaside homes,1,1
taxefficient,1,1
investor,1,1
charitable,1,1
filing,1,1
retirement,1,1
kiplingers,1,1
avoid,1,1
create,1,1
journey,1,1
municipal,1,1
aftertax,1,1
shouldnt,1,1
qcd,1,1
positions,1,1
predict,1,1
wharton,1,1
jacobs,1,1
exposures,1,1
characteristics,1,1
nondiversifiable,1,1
stambaugh,1,1
systematic,1,1
motivate,1,1
horserace,1,1
risk return,1,1
everc,1,1
kroll,1,1
advisory,1,1
laundering,1,1
crunchbase,1,1
merchantview,1,1
exceptional,1,1
false,1,1
phelps,1,1
prevention,1,1
nigerians,1,1
notforprofit,1,1
participate,1,1
substantial,1,1
interfaces,1,1
posture,1,1
citizenshipbyinvestment,1,1
cbi,1,1
spillovers,1,1
covid,1,1
maria,1,1
island,1,1
underperformed,1,1
facilitate,1,1
normalisation,1,1
dominican economy,1,1
hamad,1,1
attar,1,1
kuwait,1,1
national,2,2
unitholders,1,1
distributions,1,1
beneficiaries,1,1
achievementsresults,1,1
exerts,1,1
investment financial,1,1
kenyas,1,1
plc,2,2
sidian,1,1
capstone,1,1
tier,2,2
us500,1,1
able,1,1
nursing,1,1
whatsapp,2,2
remain,1,1
convertible,1,1
mandatory,1,1
central,1,1
ratios,1,1
implications,1,1
dimons,1,1
everyones,1,1
javice,1,1
sparknotes,1,1
loggerheads,1,1
kewstoke,1,1
children,1,1
staffroom,1,1
provision,1,1
primary,1,1
holiday,1,1
start,1,1
permission,1,1
disruption,1,1
view,1,1
school planning,1,1
emirates,1,1
valuation,1,1
reit,1,1
tariq,1,1
consultancies,1,1
msc,1,1
maxwell,1,1
ceic,1,1
mrics,1,1
replaces,1,1
cresswell,1,1
christopher,1,1
emirates enbd,1,1
vicio,1,1
lionel,1,1
fooddelivery,1,1
footwear,1,1
puig,1,1
artemest,1,1
leading,1,1
saysh,1,1
injection,1,1
sources,1,1
segment,1,1
higherquality,1,1
iris ventures,1,1
fees,2,2
ictcybersecurity,1,1
consult,1,1
regulations aif,1,1
jpmorgan,1,1
dimon,1,1
emails,1,1
hes,1,1
underscoring,1,1
geopolitics,1,1
allianz,1,1
jpmorgan ceo,1,1
mediation,1,1
tribunals,1,1
claimants,1,1
informal,1,1
contacted,1,1
form,1,1
pressofficeeconomyni,1,1
channels,1,1
scheme,1,1
judicial mediation,1,1
samman,1,1
mahila,1,1
certificate,1,1
mssc,1,1
eligibility,1,1
azadi,1,1
flexible,1,1
nominal,1,1
samman savings,1,1
kenwood,1,1
cig,1,1
amenities,1,1
aspire,1,1
acoencommercialobserver,1,1
evan,1,1
behrman,1,1
kenwood property,1,1
tipperary,1,1
memorial,1,1
dwellings,1,1
assessment,1,1
tipp,1,1
awarded,1,1
thurles,1,1
preserve,1,1
staff,1,1
electoral,1,1
currencies,1,1
sanction,1,1
nebenzia,1,1
ambassador,1,1
dependence,1,1
swift,1,1
outbreak,1,1
delink,1,1
sanctions russia,1,1
wellness,1,1
deas,1,1
behavioral,1,1
quarter,2,2
phe,1,1
telehealth,1,1
prescribe,1,1
adderall,1,1
gv,1,1
nonexistent,1,1
shiftkey,1,1
nhs,1,1
systems,1,1
payment,1,1
freedom,1,1
guidance,1,1
care,1,1
draw,1,1
leaders,1,1
local,1,1
contrast,1,1
integrated care,1,1
nasdaq,1,1
airbnbs,1,1
outperformance,1,1
nvda,1,1
zacks,1,1
revisions,1,1
airbnb abnb,1,1
adb,1,1
indias,1,1
slowdown,1,1
flagship,1,1
konishi,1,1
moderate,1,1
indias economic,1,1
infrastructure,1,1
cbre,1,1
brennan,1,1
leases,1,1
firstpoint,1,1
profiles,1,1
returns,1,1
day,1,1
invests infrastructure,1,1
scarcity,1,1
pocketbooks,1,1
hr,1,1
reformists,1,1
ignores,1,1
feeding,1,1
costs parking,1,1
jspl,1,1
jindal,1,1
tradex,1,1
promoter,1,1
steel,1,1
stci,1,1
chhattisgarh,1,1
jspl shares,1,1
consumers,1,1
confidence,2,2
brazils,1,1
pandemicinduced,1,1
indicator,1,1
bearish,1,1
waves,1,1
delinquency,1,1
brazilian consumer,1,1
natalia,1,1
vday,1,1
playersmccourtesy,1,1
street,1,1
writer,1,1
bishop,1,1
discrimination,1,1
maledominant,1,1
american,1,1
majors,1,1
exemplify,1,1
behindthescenes,1,1
finance womens,1,1
gris,1,1
peri,1,1
peabs,1,1
components,1,1
procedures,1,1
larvik,1,1
hartomaa,1,1
asphalt,1,1
exception,1,1
tainability,1,1
ecommerce,1,1
microenterprises,1,1
experiences,1,1
downturn,1,1
comprehensive,1,1
manner,1,1
patsiansky,1,1
timeeffective,1,1
psps,1,1
digital banking,1,1
philippine,1,1
diokno,1,1
constitution,1,1
duterte,1,1
liberalize,1,1
improvements,1,1
renewal,1,1
briefing,1,1
branches,1,1
sans,1,1
foster,1,1
passengers,1,1
cellphones,1,1
portions,1,1
finances,1,1
teach,1,1
atwin,1,1
millennial,1,1
canadas,1,1
selfinstruction,1,1
booklet,1,1
namesake,1,1
stressed,1,1
financial literacy,1,1
crises,1,1
indonesia,1,1
mastercard,1,1
nonresident,1,1
world bank,1,1
virgin,1,1
services,1,1
adventurous,1,1
steadier,1,1
guides,1,1
willing,1,1
ups,1,1
nutmeg,1,1
paintballing,1,1
virgin investors,1,1
greener,1,1
cathayactionprgroup,1,1
ayushi,1,1
cargo,1,1
singleuse,1,1
carbonoffset,1,1
patterson,1,1
pacifics sustainability,1,1
fino,1,1
paytech,1,1
cricket,1,1
ssc,1,1
newage,1,1
ipl,1,1
prime,1,1
engagement,1,1
rishi,1,1
bank rajasthan,1,1
monetary,1,1
yield,1,1
restrictive,1,1
slow,1,1
territory,1,1
curve,1,1
data,1,1
failures,1,1
corkbased,1,1
academy,1,1
rigby,1,1
genomics,1,1
ideas,1,1
michael,1,1
unbanx,1,1
fridays,1,1
investors corkbic,1,1
contentproducing,1,1
advances,1,1
teachers,1,1
openais,1,1
legal,1,1
areas,1,1
scoops,1,1
seamans,1,1
alerts,1,1
readers,1,1
free,1,1
follow,1,1
signing,1,1
news free,1,1
stockhero,1,1
synergies,1,1
conference,1,1
hyficonference,1,1
pte,1,1
davensi,1,1
goldsmith,1,1
blockbase,1,1
finance hyfi,1,1
diversify,1,1
jersey,1,1
warnings,1,1
insured,1,1
manage,1,1
soundness,1,1
steer,1,1
heres,1,1
reactions,2,2
troubled banks,1,1
netanyahu,1,1
courts,1,1
expenditures,1,1
flug,1,1
bezalel,1,1
underline,1,1
paused,1,1
netanyahu finance,1,1
agribusiness,1,1
asset,1,1
haulage,1,1
grain,1,1
seasons,1,1
writeoff,1,1
regional,1,1
classes,1,1
horne,1,1
general,1,1
jump,1,1
headers,1,1
tcg,1,1
piramal,1,1
crore,1,1
dhfl,1,1
buyback,1,1
firms,1,1
agrade,1,1
parking,1,1
realestate,1,1
powai,1,1
matrix,1,1
itites,1,1
year_cnt,3256,3256
